id_review,caption,rating,username,url_user,relative_date,retrieval_date
ChdDSUhNMG9nS0VJQ0FnSUM4cVpyajV3RRAB,,5.0,Max Peter,https://www.google.com/maps/contrib/102437285400944030125?hl=de-DE,vor 23¬†Minuten,2020-07-10 15:24:52.919854
ChdDSUhNMG9nS0VJQ0FnSUM4cWNLQTRRRRAB,,4.0,Michal Milo,https://www.google.com/maps/contrib/103063341404818677818?hl=de-DE,vor 1¬†Stunde,2020-07-10 15:24:52.920816
ChdDSUhNMG9nS0VJQ0FnSUM4cWJEa253RRAB,Nur f√ºr Touristen,2.0,Achim Mwi,https://www.google.com/maps/contrib/105173960807830330631?hl=de-DE,vor 2¬†Stunden,2020-07-10 15:24:52.921761
ChZDSUhNMG9nS0VJQ0FnSURzbXNhckpBEAE,"1 Stern ist schon zuviel.  Der Typ am Eingang ist absolut unfreundlich.  Schnippt mit den Finger, und wir sollen ihm folgen. Auch Wartezeit,  obwohl fast alles leer war. Beim bezahlen will der Kellner auch noch Trinkgeld.  F√ºr sowas gibts nix. Da m√ºssten die noch eher eine Entsch√§digung bezahlen. War fr√ºher besser!!!",1.0,Nancy O'Vaeth,https://www.google.com/maps/contrib/107079023534682860596?hl=de-DE,vor 4¬†Stunden,2020-07-10 15:24:52.922721
ChdDSUhNMG9nS0VJQ0FnSUM4eWNPTHB3RRAB,Szuper hely √©s √©rdekes,5.0,Zolt√°n K√∂rm√∂ndi,https://www.google.com/maps/contrib/105083499347667324439?hl=de-DE,vor 4¬†Stunden,2020-07-10 15:24:52.923694
ChdDSUhNMG9nS0VJQ0FnSUM4eVpueTJBRRAB,Great beer and food was so yummy. I had the chicken but the beef stew was delicious with the potatoes. Heaven on earth,5.0,Rafael Edduardo Carrero,https://www.google.com/maps/contrib/112814249433796880147?hl=de-DE,vor 6¬†Stunden,2020-07-10 15:24:52.924670
ChZDSUhNMG9nS0VJQ0FnSUM4eVphNEJnEAE,,4.0,Mucki aus dem Zauberwald,https://www.google.com/maps/contrib/102383018758178668288?hl=de-DE,vor 8¬†Stunden,2020-07-10 15:24:52.925653
ChZDSUhNMG9nS0VJQ0FnSUM4eWNyN1NREAE,(√úbersetzt von Google) Gute Musik. Gutes Bier.  (Original) Good music. Good beer.,5.0,Milaris C.P,https://www.google.com/maps/contrib/112177626499745166315?hl=de-DE,vor 8¬†Stunden,2020-07-10 15:24:52.926619
ChZDSUhNMG9nS0VJQ0FnSUM4eWNxTVp3EAE,"Ein Must Seen in M√ºnchen! Auch wenn es sehr touristisch ist, muss man sagen, dass der Biergarten wirklich sch√∂n ist.",4.0,Jonas Pohl,https://www.google.com/maps/contrib/107481046583086042977?hl=de-DE,vor 9¬†Stunden,2020-07-10 15:24:52.927587
ChdDSUhNMG9nS0VJQ0FnSUM4aVluUjFnRRAB,Unser Eindruck des Hofbr√§uhaus war Klasse! Unser Kellner war sehr freundlich und fast immer da wenn wir was gebraucht haben.. Es war allerdings recht viel los... Also darf das ruhig sein... Jeder hat sich brav an die Covid Verordnung gehalten... Also was braucht man noch mehr... Wir haben zu echt normalen Preisen super gegessen und getrunken... Die Portionen waren Super auch f√ºr flei√üige Esser....Also 5 Sterne. üòéü§òüòâ,5.0,Alex Smith,https://www.google.com/maps/contrib/109490774650180478232?hl=de-DE,vor 18¬†Stunden,2020-07-10 15:24:52.928557
ChZDSUhNMG9nS0VJQ0FnSUM4OGY2ZkpBEAE,,4.0,Massimo Corvi,https://www.google.com/maps/contrib/109268778310684854660?hl=de-DE,vor 21¬†Stunden,2020-07-10 15:24:52.929512
ChZDSUhNMG9nS0VJQ0FnSUM4a1lPYWV3EAE,Great atmosphere. Friendly staff. Just went for a drink.,5.0,Jurgen Schurgers,https://www.google.com/maps/contrib/104989732211354816313?hl=de-DE,vor 22¬†Stunden,2020-07-10 15:24:52.930470
ChZDSUhNMG9nS0VJQ0FnSUM4NGIyZ1Z3EAE,,5.0,√Ågnes B√°nfalvi,https://www.google.com/maps/contrib/101022065113491932918?hl=de-DE,vor 23¬†Stunden,2020-07-10 15:24:52.931440
ChZDSUhNMG9nS0VJQ0FnSUM4b2FYSWJREAE,,5.0,Stefanie Rachner,https://www.google.com/maps/contrib/103072667292974617720?hl=de-DE,vor 1¬†Tag,2020-07-10 15:24:52.932406
ChZDSUhNMG9nS0VJQ0FnSUM4b2ZIOE53EAE,Tolle Atmosph√§re gutes Essen freundliches Personal,5.0,matthias gaus,https://www.google.com/maps/contrib/117054917806137532663?hl=de-DE,vor 1¬†Tag,2020-07-10 15:24:52.933364
ChZDSUhNMG9nS0VJQ0FnSUM4b2JxdFhnEAE,(√úbersetzt von Google) Es ist wundersch√∂n  (Original) Es hermoso,5.0,Zulay Marquez,https://www.google.com/maps/contrib/101520694343345279934?hl=de-DE,vor 1¬†Tag,2020-07-10 15:24:52.934323
ChdDSUhNMG9nS0VJQ0FnSUM4b2F6ajNRRRAB,,3.0,Eliana Mossa,https://www.google.com/maps/contrib/109019314320303893885?hl=de-DE,vor 1¬†Tag,2020-07-10 15:24:52.935277
ChZDSUhNMG9nS0VJQ0FnSUM4b1pUSGZ3EAE,"Se come bastante bien,y la cerveza muy buena.Sitio m√≠tico que hay que visitar",5.0,Paulichi Rubi,https://www.google.com/maps/contrib/112349275421942975007?hl=de-DE,vor 1¬†Tag,2020-07-10 15:24:52.936249
ChZDSUhNMG9nS0VJQ0FnSUM4d2VuY0NBEAE,,5.0,Oleksiy Padenok,https://www.google.com/maps/contrib/107720145176760262247?hl=de-DE,vor 1¬†Tag,2020-07-10 15:24:52.937201
ChdDSUhNMG9nS0VJQ0FnSUM4d1pDMG9RRRAB,Essen war sehr schlecht das einzigste was gut war waren die Getr√§nke keine Empfehlung!!,2.0,‚Ä¢ L_RGamingYT,https://www.google.com/maps/contrib/115836212337687605750?hl=de-DE,vor 1¬†Tag,2020-07-10 15:24:52.938164
